,Banh_mi,French fries
calories,229.5510300510693,150.0
protein,11.59282390879125,2.34
fat,4.793258714390808,4.99
carbs,34.681966709771025,23.96
fiber,1.557394532851894,2.0
