,French fries,Banh_mi
calories,150.0,229.5510300510693
protein,2.34,11.59282390879125
fat,4.99,4.793258714390808
carbs,23.96,34.681966709771025
fiber,2.0,1.557394532851894
