,Lemon,Banh_mi,Hu_tieu
calories,29.0,229.5510300510693,0.0
protein,1.1,11.59282390879125,0.0
fat,0.3,4.793258714390808,0.0
carbs,9.32,34.681966709771025,0.0
fiber,2.8,1.557394532851894,0.0
