names,calories,protein,fat,carbs,fiber
Tart,203.1598332181267,4.096188623394152,11.332416275351141,22.06143816949343,1.9109654331358217
